Title,Price,Date
Rawlings Player Preferred Baseball/Softball Glove Series,60.58,2021-08-27
Rawlings Player Preferred Baseball/Softball Glove Series,60.58,2021-08-27
Rawlings Player Preferred Baseball/Softball Glove Series,60.58,2021-08-27
Rawlings Player Preferred Baseball/Softball Glove Series,60.58,2021-08-27
Rawlings Player Preferred Baseball/Softball Glove Series,60.58,2021-08-27
Rawlings Player Preferred Baseball/Softball Glove Series,60.58,2021-08-27
Rawlings Player Preferred Baseball/Softball Glove Series,60.58,2021-08-27
Rawlings Player Preferred Baseball/Softball Glove Series,60.58,2021-08-27
Rawlings Player Preferred Baseball/Softball Glove Series,60.58,2021-08-27
Rawlings Player Preferred Baseball/Softball Glove Series,60.58,2021-08-27
Rawlings Player Preferred Baseball/Softball Glove Series,60.58,2021-08-27
Rawlings Player Preferred Baseball/Softball Glove Series,60.58,2021-08-27
Rawlings Player Preferred Baseball/Softball Glove Series,60.58,2021-08-27
Rawlings Player Preferred Baseball/Softball Glove Series,60.58,2021-08-27
Rawlings Player Preferred Baseball/Softball Glove Series,60.58,2021-08-27
Rawlings Player Preferred Baseball/Softball Glove Series,60.58,2021-08-27
Rawlings Player Preferred Baseball/Softball Glove Series,60.58,2021-08-27
Rawlings Player Preferred Baseball/Softball Glove Series,60.58,2021-08-27
Rawlings Player Preferred Baseball/Softball Glove Series,60.58,2021-08-27
Rawlings Player Preferred Baseball/Softball Glove Series,60.58,2021-08-27
Rawlings Player Preferred Baseball/Softball Glove Series,60.58,2021-08-27
Rawlings Player Preferred Baseball/Softball Glove Series,60.58,2021-08-27
